original_name,english_name,slug,smiles,inchi,skeletal_svg_path,full_atoms_svg_path,render_type,resolver_status,status,reason
"1,3-Bisphosphoglycerat","1,3-Bisphosphoglycerat",1-3-bisphosphoglycerat,,,assets/molecules/nicht_vorhanden/1-3-bisphosphoglycerat__skeletal.svg,assets/molecules/nicht_vorhanden/1-3-bisphosphoglycerat__full_atoms.svg,placeholder,unresolved,generated_placeholder,resolver_not_found
2 ADP,2 ADP,2-adp,,"InChI=1S/C10H15N5O10P2/c11-8-5-9(13-2-12-8)15(3-14-5)10-7(17)6(16)4(24-10)1-23-27(21,22)25-26(18,19)20/h2-4,6-7,10,16-17H,1H2,(H,21,22)(H2,11,12,13)(H2,18,19,20)/t4-,6-,7-,10-/m1/s1",assets/molecules/vorhanden/nucleotide_nukleoside_udp_zucker/2-adp__skeletal.svg,assets/molecules/vorhanden/nucleotide_nukleoside_udp_zucker/2-adp__full_atoms.svg,structure,resolved,generated_structure,
2 ATP,2 ATP,2-atp,,"InChI=1S/C10H16N5O13P3/c11-8-5-9(13-2-12-8)15(3-14-5)10-7(17)6(16)4(26-10)1-25-30(21,22)28-31(23,24)27-29(18,19)20/h2-4,6-7,10,16-17H,1H2,(H,21,22)(H,23,24)(H2,11,12,13)(H2,18,19,20)/t4-,6-,7-,10-/m1/s1",assets/molecules/vorhanden/nucleotide_nukleoside_udp_zucker/2-atp__skeletal.svg,assets/molecules/vorhanden/nucleotide_nukleoside_udp_zucker/2-atp__full_atoms.svg,structure,resolved,generated_structure,
2 Farnesylpyrophosphat,2 Farnesylpyrophosphat,2-farnesylpyrophosphat,,,assets/molecules/nicht_vorhanden/2-farnesylpyrophosphat__skeletal.svg,assets/molecules/nicht_vorhanden/2-farnesylpyrophosphat__full_atoms.svg,placeholder,unresolved,generated_placeholder,stoichiometric_expression
2 GSH,2 GSH,2-gsh,,"InChI=1S/C10H17N3O6S/c11-5(10(18)19)1-2-7(14)13-6(4-20)9(17)12-3-8(15)16/h5-6,20H,1-4,11H2,(H,12,17)(H,13,14)(H,15,16)(H,18,19)/t5-,6-/m0/s1",assets/molecules/vorhanden/redox_cofaktoren/2-gsh__skeletal.svg,assets/molecules/vorhanden/redox_cofaktoren/2-gsh__full_atoms.svg,structure,resolved,generated_structure,
2 H⁺,2 H⁺,2-hplus,,InChI=1S/p+1,assets/molecules/vorhanden/kleine_molekuele_ionen/2-hplus__skeletal.svg,assets/molecules/vorhanden/kleine_molekuele_ionen/2-hplus__full_atoms.svg,structure,resolved,generated_structure,
2 H₂O,2 H₂O,2-h-o,,InChI=1S/H2O/h1H2,assets/molecules/vorhanden/kleine_molekuele_ionen/2-h-o__skeletal.svg,assets/molecules/vorhanden/kleine_molekuele_ionen/2-h-o__full_atoms.svg,structure,resolved,generated_structure,
2 NADP⁺,2 NADP⁺,2-nadpplus,,"InChI=1S/C21H28N7O17P3/c22-17-12-19(25-7-24-17)28(8-26-12)21-16(44-46(33,34)35)14(30)11(43-21)6-41-48(38,39)45-47(36,37)40-5-10-13(29)15(31)20(42-10)27-3-1-2-9(4-27)18(23)32/h1-4,7-8,10-11,13-16,20-21,29-31H,5-6H2,(H7-,22,23,24,25,32,33,34,35,36,37,38,39)/t10-,11-,13-,14-,15-,16-,20-,21-/m1/s1",assets/molecules/vorhanden/redox_cofaktoren/2-nadpplus__skeletal.svg,assets/molecules/vorhanden/redox_cofaktoren/2-nadpplus__full_atoms.svg,structure,resolved,generated_structure,
2 NADPH,2 NADPH,2-nadph,,"InChI=1S/C21H30N7O17P3/c22-17-12-19(25-7-24-17)28(8-26-12)21-16(44-46(33,34)35)14(30)11(43-21)6-41-48(38,39)45-47(36,37)40-5-10-13(29)15(31)20(42-10)27-3-1-2-9(4-27)18(23)32/h1,3-4,7-8,10-11,13-16,20-21,29-31H,2,5-6H2,(H2,23,32)(H,36,37)(H,38,39)(H2,22,24,25)(H2,33,34,35)/t10-,11-,13-,14-,15-,16-,20-,21-/m1/s1",assets/molecules/vorhanden/redox_cofaktoren/2-nadph__skeletal.svg,assets/molecules/vorhanden/redox_cofaktoren/2-nadph__full_atoms.svg,structure,resolved,generated_structure,
2 PPi,2 PPi,2-ppi,,"InChI=1S/H4O7P2/c1-8(2,3)7-9(4,5)6/h(H2,1,2,3)(H2,4,5,6)/p-4",assets/molecules/vorhanden/kleine_molekuele_ionen/2-ppi__skeletal.svg,assets/molecules/vorhanden/kleine_molekuele_ionen/2-ppi__full_atoms.svg,structure,resolved,generated_structure,
2 UDP,2 UDP,2-udp,,"InChI=1S/C9H14N2O12P2/c12-5-1-2-11(9(15)10-5)8-7(14)6(13)4(22-8)3-21-25(19,20)23-24(16,17)18/h1-2,4,6-8,13-14H,3H2,(H,19,20)(H,10,12,15)(H2,16,17,18)/t4-,6-,7-,8-/m1/s1",assets/molecules/vorhanden/nucleotide_nukleoside_udp_zucker/2-udp__skeletal.svg,assets/molecules/vorhanden/nucleotide_nukleoside_udp_zucker/2-udp__full_atoms.svg,structure,resolved,generated_structure,
2 UDP-Glucuronat,2 UDP-Glucuronat,2-udp-glucuronat,,"InChI=1S/C15H22N2O18P2/c18-5-1-2-17(15(26)16-5)12-9(22)6(19)4(32-12)3-31-36(27,28)35-37(29,30)34-14-10(23)7(20)8(21)11(33-14)13(24)25/h1-2,4,6-12,14,19-23H,3H2,(H,24,25)(H,27,28)(H,29,30)(H,16,18,26)/t4-,6-,7+,8+,9-,10-,11+,12-,14-/m1/s1",assets/molecules/vorhanden/nucleotide_nukleoside_udp_zucker/2-udp-glucuronat__skeletal.svg,assets/molecules/vorhanden/nucleotide_nukleoside_udp_zucker/2-udp-glucuronat__full_atoms.svg,structure,resolved,generated_structure,
2-Phosphoglycerat,2-Phosphoglycerat,2-phosphoglycerat,,,assets/molecules/nicht_vorhanden/2-phosphoglycerat__skeletal.svg,assets/molecules/nicht_vorhanden/2-phosphoglycerat__full_atoms.svg,placeholder,unresolved,generated_placeholder,resolver_not_found
"2,3-Bisphosphoglycerat","2,3-Bisphosphoglycerat",2-3-bisphosphoglycerat,,,assets/molecules/nicht_vorhanden/2-3-bisphosphoglycerat__skeletal.svg,assets/molecules/nicht_vorhanden/2-3-bisphosphoglycerat__full_atoms.svg,placeholder,unresolved,generated_placeholder,resolver_not_found
3-Phosphoglycerat,3-Phosphoglycerat,3-phosphoglycerat,,,assets/molecules/nicht_vorhanden/3-phosphoglycerat__skeletal.svg,assets/molecules/nicht_vorhanden/3-phosphoglycerat__full_atoms.svg,placeholder,unresolved,generated_placeholder,resolver_not_found
6-Phosphogluconolakton,6-Phosphogluconolakton,6-phosphogluconolakton,,,assets/molecules/nicht_vorhanden/6-phosphogluconolakton__skeletal.svg,assets/molecules/nicht_vorhanden/6-phosphogluconolakton__full_atoms.svg,placeholder,unresolved,generated_placeholder,resolver_not_found
6-Phosphoglukonat,6-Phosphoglukonat,6-phosphoglukonat,,,assets/molecules/nicht_vorhanden/6-phosphoglukonat__skeletal.svg,assets/molecules/nicht_vorhanden/6-phosphoglukonat__full_atoms.svg,placeholder,unresolved,generated_placeholder,resolver_not_found
Acetoacetat,Acetoacetat,acetoacetat,,,assets/molecules/nicht_vorhanden/acetoacetat__skeletal.svg,assets/molecules/nicht_vorhanden/acetoacetat__full_atoms.svg,placeholder,unresolved,generated_placeholder,resolver_not_found
Acetoacetyl-ACP,Acetoacetyl-ACP,acetoacetyl-acp,,,assets/molecules/nicht_vorhanden/acetoacetyl-acp__skeletal.svg,assets/molecules/nicht_vorhanden/acetoacetyl-acp__full_atoms.svg,placeholder,unresolved,generated_placeholder,resolver_not_found
Acetoacetyl-CoA,Acetoacetyl-CoA,acetoacetyl-coa,,"InChI=1S/C25H40N7O18P3S/c1-13(33)8-16(35)54-7-6-27-15(34)4-5-28-23(38)20(37)25(2,3)10-47-53(44,45)50-52(42,43)46-9-14-19(49-51(39,40)41)18(36)24(48-14)32-12-31-17-21(26)29-11-30-22(17)32/h11-12,14,18-20,24,36-37H,4-10H2,1-3H3,(H,27,34)(H,28,38)(H,42,43)(H,44,45)(H2,26,29,30)(H2,39,40,41)/t14-,18-,19-,20+,24-/m1/s1",assets/molecules/vorhanden/coa_thioester/acetoacetyl-coa__skeletal.svg,assets/molecules/vorhanden/coa_thioester/acetoacetyl-coa__full_atoms.svg,structure,resolved,generated_structure,
Aceton,Aceton,aceton,,InChI=1S/C3H6O/c1-3(2)4/h1-2H3,assets/molecules/vorhanden/kleine_molekuele_ionen/aceton__skeletal.svg,assets/molecules/vorhanden/kleine_molekuele_ionen/aceton__full_atoms.svg,structure,resolved,generated_structure,
Acetyl-ACP,Acetyl-ACP,acetyl-acp,,,assets/molecules/nicht_vorhanden/acetyl-acp__skeletal.svg,assets/molecules/nicht_vorhanden/acetyl-acp__full_atoms.svg,placeholder,unresolved,generated_placeholder,resolver_not_found
Acetyl-CoA,Acetyl-CoA,acetyl-coa,,"InChI=1S/C23H38N7O17P3S/c1-12(31)51-7-6-25-14(32)4-5-26-21(35)18(34)23(2,3)9-44-50(41,42)47-49(39,40)43-8-13-17(46-48(36,37)38)16(33)22(45-13)30-11-29-15-19(24)27-10-28-20(15)30/h10-11,13,16-18,22,33-34H,4-9H2,1-3H3,(H,25,32)(H,26,35)(H,39,40)(H,41,42)(H2,24,27,28)(H2,36,37,38)/t13-,16-,17-,18+,22-/m1/s1",assets/molecules/vorhanden/coa_thioester/acetyl-coa__skeletal.svg,assets/molecules/vorhanden/coa_thioester/acetyl-coa__full_atoms.svg,structure,resolved,generated_structure,
ACP,ACP,acp,,,assets/molecules/nicht_vorhanden/acp__skeletal.svg,assets/molecules/nicht_vorhanden/acp__full_atoms.svg,placeholder,unresolved,generated_placeholder,cofactor_or_large_group
Acyl-CoA,Acyl-CoA,acyl-coa,,,assets/molecules/nicht_vorhanden/acyl-coa__skeletal.svg,assets/molecules/nicht_vorhanden/acyl-coa__full_atoms.svg,placeholder,unresolved,generated_placeholder,resolver_not_found
Adenosin,Adenosin,adenosin,,"InChI=1S/C10H13N5O4/c11-8-5-9(13-2-12-8)15(3-14-5)10-7(18)6(17)4(1-16)19-10/h2-4,6-7,10,16-18H,1H2,(H2,11,12,13)/t4-,6-,7-,10-/m1/s1",assets/molecules/vorhanden/nucleotide_nukleoside_udp_zucker/adenosin__skeletal.svg,assets/molecules/vorhanden/nucleotide_nukleoside_udp_zucker/adenosin__full_atoms.svg,structure,resolved,generated_structure,
ADP,ADP,adp,,"InChI=1S/C10H15N5O10P2/c11-8-5-9(13-2-12-8)15(3-14-5)10-7(17)6(16)4(24-10)1-23-27(21,22)25-26(18,19)20/h2-4,6-7,10,16-17H,1H2,(H,21,22)(H2,11,12,13)(H2,18,19,20)/t4-,6-,7-,10-/m1/s1",assets/molecules/vorhanden/nucleotide_nukleoside_udp_zucker/adp__skeletal.svg,assets/molecules/vorhanden/nucleotide_nukleoside_udp_zucker/adp__full_atoms.svg,structure,resolved,generated_structure,
Akzeptor,Acceptor,akzeptor,,,assets/molecules/nicht_vorhanden/akzeptor__skeletal.svg,assets/molecules/nicht_vorhanden/akzeptor__full_atoms.svg,placeholder,unresolved,generated_placeholder,placeholder_term
Aminosäure,Amino acid,aminosaeure,,,assets/molecules/nicht_vorhanden/aminosaeure__skeletal.svg,assets/molecules/nicht_vorhanden/aminosaeure__full_atoms.svg,placeholder,unresolved,generated_placeholder,placeholder_term
AMP,AMP,amp,,"InChI=1S/C10H14N5O7P/c11-8-5-9(13-2-12-8)15(3-14-5)10-7(17)6(16)4(22-10)1-21-23(18,19)20/h2-4,6-7,10,16-17H,1H2,(H2,11,12,13)(H2,18,19,20)/t4-,6-,7-,10-/m1/s1",assets/molecules/vorhanden/nucleotide_nukleoside_udp_zucker/amp__skeletal.svg,assets/molecules/vorhanden/nucleotide_nukleoside_udp_zucker/amp__full_atoms.svg,structure,resolved,generated_structure,
Arginin,Arginine,arginin,,"InChI=1S/C6H14N4O2/c7-4(5(11)12)2-1-3-10-6(8)9/h4H,1-3,7H2,(H,11,12)(H4,8,9,10)",assets/molecules/vorhanden/aminosaeuren/arginin__skeletal.svg,,structure,resolved,generated_structure,
Argininosuccinat,Argininosuccinate,argininosuccinat,,"InChI=1S/C10H18N4O6/c11-5(8(17)18)2-1-3-13-10(12)14-6(9(19)20)4-7(15)16/h5-6H,1-4,11H2,(H,15,16)(H,17,18)(H,19,20)(H3,12,13,14)",assets/molecules/vorhanden/harnstoffzyklus/argininosuccinat__skeletal.svg,assets/molecules/vorhanden/harnstoffzyklus/argininosuccinat__full_atoms.svg,structure,resolved,generated_structure,
Aspartat,Aspartate,aspartat,,"InChI=1S/C4H7NO4/c5-2(4(8)9)1-3(6)7/h2H,1,5H2,(H,6,7)(H,8,9)/t2-/m0/s1",assets/molecules/vorhanden/aminosaeuren/aspartat__skeletal.svg,,structure,resolved,generated_structure,
ATP,ATP,atp,,"InChI=1S/C10H16N5O13P3/c11-8-5-9(13-2-12-8)15(3-14-5)10-7(17)6(16)4(26-10)1-25-30(21,22)28-31(23,24)27-29(18,19)20/h2-4,6-7,10,16-17H,1H2,(H,21,22)(H,23,24)(H2,11,12,13)(H2,18,19,20)/t4-,6-,7-,10-/m1/s1",assets/molecules/vorhanden/nucleotide_nukleoside_udp_zucker/atp__skeletal.svg,assets/molecules/vorhanden/nucleotide_nukleoside_udp_zucker/atp__full_atoms.svg,structure,resolved,generated_structure,
BH2,BH2,bh2,,,assets/molecules/nicht_vorhanden/bh2__skeletal.svg,assets/molecules/nicht_vorhanden/bh2__full_atoms.svg,placeholder,unresolved,generated_placeholder,element_or_simple_ion
BH4,BH4,bh4,,"InChI=1S/C9H15N5O3/c1-3(15)6(16)4-2-11-7-5(12-4)8(17)14-9(10)13-7/h3-4,6,12,15-16H,2H2,1H3,(H4,10,11,13,14,17)/t3-,4+,6-/m0/s1",assets/molecules/vorhanden/redox_cofaktoren/bh4__skeletal.svg,assets/molecules/vorhanden/redox_cofaktoren/bh4__full_atoms.svg,structure,resolved,generated_structure,
Bilirubin,Bilirubin,bilirubin,,"InChI=1S/C33H36N4O6/c1-7-20-19(6)32(42)37-27(20)14-25-18(5)23(10-12-31(40)41)29(35-25)15-28-22(9-11-30(38)39)17(4)24(34-28)13-26-16(3)21(8-2)33(43)36-26/h7-8,13-14,34-35H,1-2,9-12,15H2,3-6H3,(H,36,43)(H,37,42)(H,38,39)(H,40,41)/b26-13-,27-14-",assets/molecules/vorhanden/bilirubin/bilirubin__skeletal.svg,assets/molecules/vorhanden/bilirubin/bilirubin__full_atoms.svg,structure,resolved,generated_structure,
Bilirubin-Diglucuronid,Bilirubin diglucuronide,bilirubin-diglucuronid,,"InChI=1S/C45H52N4O18/c1-7-20-19(6)40(58)49-27(20)14-25-18(5)23(10-12-31(51)65-45-37(57)33(53)35(55)39(67-45)43(62)63)29(47-25)15-28-22(17(4)24(46-28)13-26-16(3)21(8-2)41(59)48-26)9-11-30(50)64-44-36(56)32(52)34(54)38(66-44)42(60)61/h7-8,13-14,32-39,44-47,52-57H,1-2,9-12,15H2,3-6H3,(H,48,59)(H,49,58)(H,60,61)(H,62,63)/b26-13-,27-14-/t32-,33-,34-,35-,36+,37+,38-,39-,44+,45+/m0/s1",assets/molecules/vorhanden/bilirubin/bilirubin-diglucuronid__skeletal.svg,assets/molecules/vorhanden/bilirubin/bilirubin-diglucuronid__full_atoms.svg,structure,resolved,generated_structure,
Biliverdin,Biliverdin,biliverdin,,"InChI=1S/C33H34N4O6/c1-7-20-19(6)32(42)37-27(20)14-25-18(5)23(10-12-31(40)41)29(35-25)15-28-22(9-11-30(38)39)17(4)24(34-28)13-26-16(3)21(8-2)33(43)36-26/h7-8,13-15,34-35H,1-2,9-12H2,3-6H3,(H,37,42)(H,38,39)(H,40,41)/b24-13-,27-14-,28-15-",assets/molecules/vorhanden/bilirubin/biliverdin__skeletal.svg,assets/molecules/vorhanden/bilirubin/biliverdin__full_atoms.svg,structure,resolved,generated_structure,
Butyryl-ACP,Butyryl-ACP,butyryl-acp,,,assets/molecules/nicht_vorhanden/butyryl-acp__skeletal.svg,assets/molecules/nicht_vorhanden/butyryl-acp__full_atoms.svg,placeholder,unresolved,generated_placeholder,resolver_not_found
Carbamoylphosphat,Carbamoyl phosphate,carbamoylphosphat,,"InChI=1S/CH4NO5P/c2-1(3)7-8(4,5)6/h(H2,2,3)(H2,4,5,6)",assets/molecules/vorhanden/harnstoffzyklus/carbamoylphosphat__skeletal.svg,assets/molecules/vorhanden/harnstoffzyklus/carbamoylphosphat__full_atoms.svg,structure,resolved,generated_structure,
Cholesterin,Cholesterol,cholesterin,,"InChI=1S/C27H46O/c1-18(2)7-6-8-19(3)23-11-12-24-22-10-9-20-17-21(28)13-15-26(20,4)25(22)14-16-27(23,24)5/h9,18-19,21-25,28H,6-8,10-17H2,1-5H3/t19-,21+,22+,23-,24+,25+,26+,27-/m1/s1",assets/molecules/vorhanden/isoprenoide_sterole/cholesterin__skeletal.svg,assets/molecules/vorhanden/isoprenoide_sterole/cholesterin__full_atoms.svg,structure,resolved,generated_structure,
Citrat,Citrate,citrat,,"InChI=1S/C6H8O7/c7-3(8)1-6(13,5(11)12)2-4(9)10/h13H,1-2H2,(H,7,8)(H,9,10)(H,11,12)/p-3",assets/molecules/vorhanden/citratzyklus/citrat__skeletal.svg,assets/molecules/vorhanden/citratzyklus/citrat__full_atoms.svg,structure,resolved,generated_structure,
Citrullin,Citrulline,citrullin,,"InChI=1S/C6H13N3O3/c7-4(5(10)11)2-1-3-9-6(8)12/h4H,1-3,7H2,(H,10,11)(H3,8,9,12)",assets/molecules/vorhanden/harnstoffzyklus/citrullin__skeletal.svg,assets/molecules/vorhanden/harnstoffzyklus/citrullin__full_atoms.svg,structure,resolved,generated_structure,
CO,CO,co,,InChI=1S/Co,assets/molecules/vorhanden/kleine_molekuele_ionen/co__skeletal.svg,assets/molecules/vorhanden/kleine_molekuele_ionen/co__full_atoms.svg,structure,resolved,generated_structure,
CO₂,CO₂,co-2,,InChI=1S/CO2/c2-1-3,assets/molecules/vorhanden/kleine_molekuele_ionen/co-2__skeletal.svg,assets/molecules/vorhanden/kleine_molekuele_ionen/co-2__full_atoms.svg,structure,resolved,generated_structure,
CoA,CoA,coa,,"InChI=1S/C21H36N7O16P3S/c1-21(2,16(31)19(32)24-4-3-12(29)23-5-6-48)8-41-47(38,39)44-46(36,37)40-7-11-15(43-45(33,34)35)14(30)20(42-11)28-10-27-13-17(22)25-9-26-18(13)28/h9-11,14-16,20,30-31,48H,3-8H2,1-2H3,(H,23,29)(H,24,32)(H,36,37)(H,38,39)(H2,22,25,26)(H2,33,34,35)/t11-,14-,15-,16+,20-/m1/s1",assets/molecules/vorhanden/coa_thioester/coa__skeletal.svg,assets/molecules/vorhanden/coa_thioester/coa__full_atoms.svg,structure,resolved,generated_structure,
Crotonyl-ACP,Crotonyl-ACP,crotonyl-acp,,,assets/molecules/nicht_vorhanden/crotonyl-acp__skeletal.svg,assets/molecules/nicht_vorhanden/crotonyl-acp__full_atoms.svg,placeholder,unresolved,generated_placeholder,resolver_not_found
Cystathionin,Cystathionine,cystathionin,,"InChI=1S/C7H14N2O4S/c8-4(6(10)11)1-2-14-3-5(9)7(12)13/h4-5H,1-3,8-9H2,(H,10,11)(H,12,13)",assets/molecules/vorhanden/aminosaeuren_metabolite/cystathionin__skeletal.svg,assets/molecules/vorhanden/aminosaeuren_metabolite/cystathionin__full_atoms.svg,structure,resolved,generated_structure,
Cystein,Cysteine,cystein,,"InChI=1S/C3H7NO2S/c4-2(1-7)3(5)6/h2,7H,1,4H2,(H,5,6)/t2-/m0/s1",assets/molecules/vorhanden/aminosaeuren/cystein__skeletal.svg,,structure,resolved,generated_structure,
D-3-Hydroxybutyryl-ACP,D-3-Hydroxybutyryl-ACP,d-3-hydroxybutyryl-acp,,,assets/molecules/nicht_vorhanden/d-3-hydroxybutyryl-acp__skeletal.svg,assets/molecules/nicht_vorhanden/d-3-hydroxybutyryl-acp__full_atoms.svg,placeholder,unresolved,generated_placeholder,resolver_not_found
D-Glucose,D-Glucose,d-glucose,,"InChI=1S/C6H12O6/c7-1-2-3(8)4(9)5(10)6(11)12-2/h2-11H,1H2/t2-,3-,4+,5-,6?/m1/s1",assets/molecules/vorhanden/kohlenhydrate_zuckerphosphate/d-glucose__skeletal.svg,assets/molecules/vorhanden/kohlenhydrate_zuckerphosphate/d-glucose__full_atoms.svg,structure,resolved,generated_structure,
D-Methylmalonyl-CoA,D-Methylmalonyl-CoA,d-methylmalonyl-coa,,"InChI=1S/C25H40N7O19P3S/c1-12(23(37)38)24(39)55-7-6-27-14(33)4-5-28-21(36)18(35)25(2,3)9-48-54(45,46)51-53(43,44)47-8-13-17(50-52(40,41)42)16(34)22(49-13)32-11-31-15-19(26)29-10-30-20(15)32/h10-13,16-18,22,34-35H,4-9H2,1-3H3,(H,27,33)(H,28,36)(H,37,38)(H,43,44)(H,45,46)(H2,26,29,30)(H2,40,41,42)/t12-,13+,16+,17+,18-,22+/m0/s1",assets/molecules/vorhanden/coa_thioester/d-methylmalonyl-coa__skeletal.svg,assets/molecules/vorhanden/coa_thioester/d-methylmalonyl-coa__full_atoms.svg,structure,resolved,generated_structure,
Diacylglycerin,Diacylglycerol,diacylglycerin,,"InChI=1S/C37H70O5/c1-3-5-7-9-11-13-15-17-18-20-22-24-26-28-30-32-37(40)42-35(33-38)34-41-36(39)31-29-27-25-23-21-19-16-14-12-10-8-6-4-2/h17-18,35,38H,3-16,19-34H2,1-2H3/b18-17+",assets/molecules/vorhanden/lipide/diacylglycerin__skeletal.svg,assets/molecules/vorhanden/lipide/diacylglycerin__full_atoms.svg,structure,resolved,generated_structure,
Dihydroxyacetonphosphat,Dihydroxyacetonphosphat,dihydroxyacetonphosphat,,,assets/molecules/nicht_vorhanden/dihydroxyacetonphosphat__skeletal.svg,assets/molecules/nicht_vorhanden/dihydroxyacetonphosphat__full_atoms.svg,placeholder,unresolved,generated_placeholder,resolver_not_found
Dimethylallylpyrophosphat,Dimethylallylpyrophosphat,dimethylallylpyrophosphat,,,assets/molecules/nicht_vorhanden/dimethylallylpyrophosphat__skeletal.svg,assets/molecules/nicht_vorhanden/dimethylallylpyrophosphat__full_atoms.svg,placeholder,unresolved,generated_placeholder,resolver_not_found
Erythrose-4-Phosphat,Erythrose-4-phosphate,erythrose-4-phosphat,,"InChI=1S/C4H9O7P/c5-1-3(6)4(7)2-11-12(8,9)10/h1,3-4,6-7H,2H2,(H2,8,9,10)/t3-,4+/m0/s1",assets/molecules/vorhanden/kohlenhydrate_zuckerphosphate/erythrose-4-phosphat__skeletal.svg,assets/molecules/vorhanden/kohlenhydrate_zuckerphosphate/erythrose-4-phosphat__full_atoms.svg,structure,resolved,generated_structure,
FAD,FAD,fad,,"InChI=1S/C27H33N9O15P2/c1-10-3-12-13(4-11(10)2)35(24-18(32-12)25(42)34-27(43)33-24)5-14(37)19(39)15(38)6-48-52(44,45)51-53(46,47)49-7-16-20(40)21(41)26(50-16)36-9-31-17-22(28)29-8-30-23(17)36/h3-4,8-9,14-16,19-21,26,37-41H,5-7H2,1-2H3,(H,44,45)(H,46,47)(H2,28,29,30)(H,34,42,43)/t14-,15+,16+,19-,20+,21+,26+/m0/s1",assets/molecules/vorhanden/redox_cofaktoren/fad__skeletal.svg,assets/molecules/vorhanden/redox_cofaktoren/fad__full_atoms.svg,structure,resolved,generated_structure,
FADH₂,FADH₂,fadh,,"InChI=1S/C27H35N9O15P2/c1-10-3-12-13(4-11(10)2)35(24-18(32-12)25(42)34-27(43)33-24)5-14(37)19(39)15(38)6-48-52(44,45)51-53(46,47)49-7-16-20(40)21(41)26(50-16)36-9-31-17-22(28)29-8-30-23(17)36/h3-4,8-9,14-16,19-21,26,32,37-41H,5-7H2,1-2H3,(H,44,45)(H,46,47)(H2,28,29,30)(H2,33,34,42,43)/t14-,15+,16+,19-,20+,21+,26+/m0/s1",assets/molecules/vorhanden/redox_cofaktoren/fadh__skeletal.svg,assets/molecules/vorhanden/redox_cofaktoren/fadh__full_atoms.svg,structure,resolved,generated_structure,
Farnesylpyrophosphat,Farnesylpyrophosphat,farnesylpyrophosphat,,,assets/molecules/nicht_vorhanden/farnesylpyrophosphat__skeletal.svg,assets/molecules/nicht_vorhanden/farnesylpyrophosphat__full_atoms.svg,placeholder,unresolved,generated_placeholder,resolver_not_found
Fe²⁺,Fe²⁺,fe-plus,,InChI=1S/Fe/q+2,assets/molecules/vorhanden/kleine_molekuele_ionen/fe-plus__skeletal.svg,assets/molecules/vorhanden/kleine_molekuele_ionen/fe-plus__full_atoms.svg,structure,resolved,generated_structure,
Fructose,Fructose,fructose,,"InChI=1S/C6H12O6/c7-2-6(11)5(10)4(9)3(8)1-12-6/h3-5,7-11H,1-2H2/t3-,4-,5+,6?/m1/s1",assets/molecules/vorhanden/kohlenhydrate_zuckerphosphate/fructose__skeletal.svg,assets/molecules/vorhanden/kohlenhydrate_zuckerphosphate/fructose__full_atoms.svg,structure,resolved,generated_structure,
Fructose-1-Phosphat,Fructose-1-phosphate,fructose-1-phosphat,,"InChI=1S/C6H13O9P/c7-1-3(8)5(10)6(11)4(9)2-15-16(12,13)14/h3,5-8,10-11H,1-2H2,(H2,12,13,14)/t3-,5-,6-/m1/s1",assets/molecules/vorhanden/kohlenhydrate_zuckerphosphate/fructose-1-phosphat__skeletal.svg,assets/molecules/vorhanden/kohlenhydrate_zuckerphosphate/fructose-1-phosphat__full_atoms.svg,structure,resolved,generated_structure,
"Fructose-1,6-Bisphosphat","Fructose-1,6-bisphosphate",fructose-1-6-bisphosphat,,"InChI=1S/C6H14O12P2/c7-4-3(1-16-19(10,11)12)18-6(9,5(4)8)2-17-20(13,14)15/h3-5,7-9H,1-2H2,(H2,10,11,12)(H2,13,14,15)/t3-,4-,5+,6-/m1/s1",assets/molecules/vorhanden/kohlenhydrate_zuckerphosphate/fructose-1-6-bisphosphat__skeletal.svg,assets/molecules/vorhanden/kohlenhydrate_zuckerphosphate/fructose-1-6-bisphosphat__full_atoms.svg,structure,resolved,generated_structure,
Fructose-6-Phosphat,Fructose-6-phosphate,fructose-6-phosphat,,"InChI=1S/C6H13O10P/c7-1-6(11)4(10)2(8)3(9)5(15-6)16-17(12,13)14/h2-5,7-11H,1H2,(H2,12,13,14)/t2-,3-,4-,5+,6-/m0/s1",assets/molecules/vorhanden/kohlenhydrate_zuckerphosphate/fructose-6-phosphat__skeletal.svg,assets/molecules/vorhanden/kohlenhydrate_zuckerphosphate/fructose-6-phosphat__full_atoms.svg,structure,resolved,generated_structure,
Fumarat,Fumarate,fumarat,,"InChI=1S/C4H4O4/c5-3(6)1-2-4(7)8/h1-2H,(H,5,6)(H,7,8)/p-2/b2-1+",assets/molecules/vorhanden/citratzyklus/fumarat__skeletal.svg,assets/molecules/vorhanden/citratzyklus/fumarat__full_atoms.svg,structure,resolved,generated_structure,
Galaktose,Galactose,galaktose,,"InChI=1S/C6H12O6/c7-1-2-3(8)4(9)5(10)6(11)12-2/h2-11H,1H2/t2-,3+,4+,5-,6?/m1/s1",assets/molecules/vorhanden/kohlenhydrate_zuckerphosphate/galaktose__skeletal.svg,assets/molecules/vorhanden/kohlenhydrate_zuckerphosphate/galaktose__full_atoms.svg,structure,resolved,generated_structure,
Galaktose-1-Phosphat,Galactose-1-phosphate,galaktose-1-phosphat,,"InChI=1S/C6H13O9P/c7-1-2-3(8)4(9)5(10)6(14-2)15-16(11,12)13/h2-10H,1H2,(H2,11,12,13)/t2-,3+,4+,5-,6-/m1/s1",assets/molecules/vorhanden/kohlenhydrate_zuckerphosphate/galaktose-1-phosphat__skeletal.svg,assets/molecules/vorhanden/kohlenhydrate_zuckerphosphate/galaktose-1-phosphat__full_atoms.svg,structure,resolved,generated_structure,
GDP,GDP,gdp,,"InChI=1S/C10H15N5O11P2/c11-10-13-7-4(8(18)14-10)12-2-15(7)9-6(17)5(16)3(25-9)1-24-28(22,23)26-27(19,20)21/h2-3,5-6,9,16-17H,1H2,(H,22,23)(H2,19,20,21)(H3,11,13,14,18)/t3-,5-,6-,9-/m1/s1",assets/molecules/vorhanden/nucleotide_nukleoside_udp_zucker/gdp__skeletal.svg,assets/molecules/vorhanden/nucleotide_nukleoside_udp_zucker/gdp__full_atoms.svg,structure,resolved,generated_structure,
Geranylpyrophosphat,Geranylpyrophosphat,geranylpyrophosphat,,,assets/molecules/nicht_vorhanden/geranylpyrophosphat__skeletal.svg,assets/molecules/nicht_vorhanden/geranylpyrophosphat__full_atoms.svg,placeholder,unresolved,generated_placeholder,resolver_not_found
Glucose,Glucose,glucose,,"InChI=1S/C6H12O6/c7-1-2-3(8)4(9)5(10)6(11)12-2/h2-11H,1H2/t2-,3-,4+,5-,6?/m1/s1",assets/molecules/vorhanden/kohlenhydrate_zuckerphosphate/glucose__skeletal.svg,assets/molecules/vorhanden/kohlenhydrate_zuckerphosphate/glucose__full_atoms.svg,structure,resolved,generated_structure,
Glucose-1-Phosphat,Glucose-1-Phosphat,glucose-1-phosphat,,"InChI=1S/C6H13O9P/c7-1-2-3(8)4(9)5(10)6(14-2)15-16(11,12)13/h2-10H,1H2,(H2,11,12,13)/t2-,3-,4+,5-,6-/m1/s1",assets/molecules/vorhanden/kohlenhydrate_zuckerphosphate/glucose-1-phosphat__skeletal.svg,assets/molecules/vorhanden/kohlenhydrate_zuckerphosphate/glucose-1-phosphat__full_atoms.svg,structure,resolved,generated_structure,
Glucose-6-Phosphat,Glucose-6-Phosphat,glucose-6-phosphat,,"InChI=1S/C6H13O9P/c7-1-3(8)5(10)6(11)4(9)2-15-16(12,13)14/h1,3-6,8-11H,2H2,(H2,12,13,14)/t3-,4+,5+,6+/m0/s1",assets/molecules/vorhanden/kohlenhydrate_zuckerphosphate/glucose-6-phosphat__skeletal.svg,assets/molecules/vorhanden/kohlenhydrate_zuckerphosphate/glucose-6-phosphat__full_atoms.svg,structure,resolved,generated_structure,
Glutamat,Glutamate,glutamat,,"InChI=1S/C5H9NO4/c6-3(5(9)10)1-2-4(7)8/h3H,1-2,6H2,(H,7,8)(H,9,10)/t3-/m0/s1",assets/molecules/vorhanden/aminosaeuren/glutamat__skeletal.svg,,structure,resolved,generated_structure,
Glycerin-3-Phosphat,Glycerol-3-phosphate,glycerin-3-phosphat,,"InChI=1S/C3H9O6P/c4-1-3(5)2-9-10(6,7)8/h3-5H,1-2H2,(H2,6,7,8)",assets/molecules/vorhanden/lipide/glycerin-3-phosphat__skeletal.svg,assets/molecules/vorhanden/lipide/glycerin-3-phosphat__full_atoms.svg,structure,resolved,generated_structure,
Glycerinaldehyd,Glyceraldehyde,glycerinaldehyd,,"InChI=1S/C3H6O3/c4-1-3(6)2-5/h1,3,5-6H,2H2",assets/molecules/vorhanden/kohlenhydrate_zuckerphosphate/glycerinaldehyd__skeletal.svg,assets/molecules/vorhanden/kohlenhydrate_zuckerphosphate/glycerinaldehyd__full_atoms.svg,structure,resolved,generated_structure,
Glycerinaldehyd-3-Phosphat,Glyceraldehyde-3-phosphate,glycerinaldehyd-3-phosphat,,"InChI=1S/C3H7O6P/c4-1-3(5)2-9-10(6,7)8/h1,3,5H,2H2,(H2,6,7,8)",assets/molecules/vorhanden/kohlenhydrate_zuckerphosphate/glycerinaldehyd-3-phosphat__skeletal.svg,assets/molecules/vorhanden/kohlenhydrate_zuckerphosphate/glycerinaldehyd-3-phosphat__full_atoms.svg,structure,resolved,generated_structure,
Glyoxylat,Glyoxylate,glyoxylat,,"InChI=1S/C2H2O3/c3-1-2(4)5/h1H,(H,4,5)/p-1",assets/molecules/vorhanden/kleine_molekuele_ionen/glyoxylat__skeletal.svg,assets/molecules/vorhanden/kleine_molekuele_ionen/glyoxylat__full_atoms.svg,structure,resolved,generated_structure,
GSSG,GSSG,gssg,,"InChI=1S/C20H32N6O12S2/c21-9(19(35)36)1-3-13(27)25-11(17(33)23-5-15(29)30)7-39-40-8-12(18(34)24-6-16(31)32)26-14(28)4-2-10(22)20(37)38/h9-12H,1-8,21-22H2,(H,23,33)(H,24,34)(H,25,27)(H,26,28)(H,29,30)(H,31,32)(H,35,36)(H,37,38)/t9-,10-,11-,12-/m0/s1",assets/molecules/vorhanden/redox_cofaktoren/gssg__skeletal.svg,assets/molecules/vorhanden/redox_cofaktoren/gssg__full_atoms.svg,structure,resolved,generated_structure,
GTP,GTP,gtp,,"InChI=1S/C10H16N5O14P3/c11-10-13-7-4(8(18)14-10)12-2-15(7)9-6(17)5(16)3(27-9)1-26-31(22,23)29-32(24,25)28-30(19,20)21/h2-3,5-6,9,16-17H,1H2,(H,22,23)(H,24,25)(H2,19,20,21)(H3,11,13,14,18)/t3-,5-,6-,9-/m1/s1",assets/molecules/vorhanden/nucleotide_nukleoside_udp_zucker/gtp__skeletal.svg,assets/molecules/vorhanden/nucleotide_nukleoside_udp_zucker/gtp__full_atoms.svg,structure,resolved,generated_structure,
H⁺,H⁺,hplus,,InChI=1S/p+1,assets/molecules/vorhanden/kleine_molekuele_ionen/hplus__skeletal.svg,assets/molecules/vorhanden/kleine_molekuele_ionen/hplus__full_atoms.svg,structure,resolved,generated_structure,
H₂O,H₂O,h-o,,InChI=1S/H2O/h1H2,assets/molecules/vorhanden/kleine_molekuele_ionen/h-o__skeletal.svg,assets/molecules/vorhanden/kleine_molekuele_ionen/h-o__full_atoms.svg,structure,resolved,generated_structure,
H₂O₂,H₂O₂,h-o-2,,InChI=1S/H2O2/c1-2/h1-2H,assets/molecules/vorhanden/kleine_molekuele_ionen/h-o-2__skeletal.svg,assets/molecules/vorhanden/kleine_molekuele_ionen/h-o-2__full_atoms.svg,structure,resolved,generated_structure,
Häm,Heme,haem,,"InChI=1S/C34H34N4O4.Fe/c1-7-21-17(3)25-13-26-19(5)23(9-11-33(39)40)31(37-26)16-32-24(10-12-34(41)42)20(6)28(38-32)15-30-22(8-2)18(4)27(36-30)14-29(21)35-25;/h7-8,13-16H,1-2,9-12H2,3-6H3,(H4,35,36,37,38,39,40,41,42);/q;+2/p-2",assets/molecules/vorhanden/kleine_molekuele_ionen/haem__skeletal.svg,assets/molecules/vorhanden/kleine_molekuele_ionen/haem__full_atoms.svg,structure,resolved,generated_structure,
Harnstoff,Urea,harnstoff,,"InChI=1S/CH4N2O/c2-1(3)4/h(H4,2,3,4)",assets/molecules/vorhanden/harnstoffzyklus/harnstoff__skeletal.svg,assets/molecules/vorhanden/harnstoffzyklus/harnstoff__full_atoms.svg,structure,resolved,generated_structure,
HMG-CoA,HMG-CoA,hmg-coa,,"InChI=1S/C27H44N7O20P3S/c1-26(2,21(40)24(41)30-5-4-15(35)29-6-7-58-17(38)9-27(3,42)8-16(36)37)11-51-57(48,49)54-56(46,47)50-10-14-20(53-55(43,44)45)19(39)25(52-14)34-13-33-18-22(28)31-12-32-23(18)34/h12-14,19-21,25,39-40,42H,4-11H2,1-3H3,(H,29,35)(H,30,41)(H,36,37)(H,46,47)(H,48,49)(H2,28,31,32)(H2,43,44,45)/t14-,19-,20-,21+,25-,27+/m1/s1",assets/molecules/vorhanden/coa_thioester/hmg-coa__skeletal.svg,assets/molecules/vorhanden/coa_thioester/hmg-coa__full_atoms.svg,structure,resolved,generated_structure,
Homocystein,Homocysteine,homocystein,,"InChI=1S/C4H9NO2S/c5-3(1-2-8)4(6)7/h3,8H,1-2,5H2,(H,6,7)/t3-/m0/s1",assets/molecules/vorhanden/aminosaeuren_metabolite/homocystein__skeletal.svg,assets/molecules/vorhanden/aminosaeuren_metabolite/homocystein__full_atoms.svg,structure,resolved,generated_structure,
Isocitrat,Isocitrate,isocitrat,,"InChI=1S/C6H8O7/c7-3(8)1-2(5(10)11)4(9)6(12)13/h2,4,9H,1H2,(H,7,8)(H,10,11)(H,12,13)",assets/molecules/vorhanden/citratzyklus/isocitrat__skeletal.svg,assets/molecules/vorhanden/citratzyklus/isocitrat__full_atoms.svg,structure,resolved,generated_structure,
Isopentenylpyrophosphat,Isopentenylpyrophosphat,isopentenylpyrophosphat,,,assets/molecules/nicht_vorhanden/isopentenylpyrophosphat__skeletal.svg,assets/molecules/nicht_vorhanden/isopentenylpyrophosphat__full_atoms.svg,placeholder,unresolved,generated_placeholder,resolver_not_found
L-Glutamat,L-Glutamate,l-glutamat,,"InChI=1S/C5H9NO4/c6-3(5(9)10)1-2-4(7)8/h3H,1-2,6H2,(H,7,8)(H,9,10)/t3-/m0/s1",assets/molecules/vorhanden/aminosaeuren/l-glutamat__skeletal.svg,,structure,resolved,generated_structure,
L-Methylmalonyl-CoA,L-Methylmalonyl-CoA,l-methylmalonyl-coa,,"InChI=1S/C25H40N7O19P3S/c1-12(23(37)38)24(39)55-7-6-27-14(33)4-5-28-21(36)18(35)25(2,3)9-48-54(45,46)51-53(43,44)47-8-13-17(50-52(40,41)42)16(34)22(49-13)32-11-31-15-19(26)29-10-30-20(15)32/h10-13,16-18,22,34-35H,4-9H2,1-3H3,(H,27,33)(H,28,36)(H,37,38)(H,43,44)(H,45,46)(H2,26,29,30)(H2,40,41,42)/t12-,13-,16-,17-,18+,22-/m1/s1",assets/molecules/vorhanden/coa_thioester/l-methylmalonyl-coa__skeletal.svg,assets/molecules/vorhanden/coa_thioester/l-methylmalonyl-coa__full_atoms.svg,structure,resolved,generated_structure,
L-Phenylalanin,L-Phenylalanine,l-phenylalanin,,"InChI=1S/C9H11NO2/c10-8(9(11)12)6-7-4-2-1-3-5-7/h1-5,8H,6,10H2,(H,11,12)/t8-/m0/s1",assets/molecules/vorhanden/aminosaeuren/l-phenylalanin__skeletal.svg,,structure,resolved,generated_structure,
L-Tyrosin,L-Tyrosine,l-tyrosin,,"InChI=1S/C9H11NO3/c10-8(9(12)13)5-6-1-3-7(11)4-2-6/h1-4,8,11H,5,10H2,(H,12,13)/t8-/m0/s1",assets/molecules/vorhanden/aminosaeuren/l-tyrosin__skeletal.svg,,structure,resolved,generated_structure,
Laktose,Lactose,laktose,,"InChI=1S/C12H22O11/c13-1-3-5(15)6(16)9(19)12(22-3)23-10-4(2-14)21-11(20)8(18)7(10)17/h3-20H,1-2H2/t3-,4-,5+,6+,7-,8-,9-,10-,11?,12+/m1/s1",assets/molecules/vorhanden/kohlenhydrate_zuckerphosphate/laktose__skeletal.svg,assets/molecules/vorhanden/kohlenhydrate_zuckerphosphate/laktose__full_atoms.svg,structure,resolved,generated_structure,
Lanosterin,Lanosterol,lanosterin,,"InChI=1S/C30H50O/c1-20(2)10-9-11-21(3)22-14-18-30(8)24-12-13-25-27(4,5)26(31)16-17-28(25,6)23(24)15-19-29(22,30)7/h10,21-22,25-26,31H,9,11-19H2,1-8H3/t21-,22-,25+,26+,28-,29-,30+/m1/s1",assets/molecules/vorhanden/isoprenoide_sterole/lanosterin__skeletal.svg,assets/molecules/vorhanden/isoprenoide_sterole/lanosterin__full_atoms.svg,structure,resolved,generated_structure,
Lyso-Phosphatidsäure,Lysophosphatidic acid,lyso-phosphatidsaeure,,"InChI=1S/C21H41O7P/c1-2-3-4-5-6-7-8-9-10-11-12-13-14-15-16-17-21(23)27-18-20(22)19-28-29(24,25)26/h9-10,20,22H,2-8,11-19H2,1H3,(H2,24,25,26)/b10-9-",assets/molecules/vorhanden/lipide/lyso-phosphatidsaeure__skeletal.svg,assets/molecules/vorhanden/lipide/lyso-phosphatidsaeure__full_atoms.svg,structure,resolved,generated_structure,
Malat,Malate,malat,,"InChI=1S/C4H6O5/c5-2(4(8)9)1-3(6)7/h2,5H,1H2,(H,6,7)(H,8,9)",assets/molecules/vorhanden/citratzyklus/malat__skeletal.svg,assets/molecules/vorhanden/citratzyklus/malat__full_atoms.svg,structure,resolved,generated_structure,
Malonyl-ACP,Malonyl-ACP,malonyl-acp,,,assets/molecules/nicht_vorhanden/malonyl-acp__skeletal.svg,assets/molecules/nicht_vorhanden/malonyl-acp__full_atoms.svg,placeholder,unresolved,generated_placeholder,resolver_not_found
Malonyl-CoA,Malonyl-CoA,malonyl-coa,,"InChI=1S/C24H38N7O19P3S/c1-24(2,19(37)22(38)27-4-3-13(32)26-5-6-54-15(35)7-14(33)34)9-47-53(44,45)50-52(42,43)46-8-12-18(49-51(39,40)41)17(36)23(48-12)31-11-30-16-20(25)28-10-29-21(16)31/h10-12,17-19,23,36-37H,3-9H2,1-2H3,(H,26,32)(H,27,38)(H,33,34)(H,42,43)(H,44,45)(H2,25,28,29)(H2,39,40,41)/t12-,17-,18-,19+,23-/m1/s1",assets/molecules/vorhanden/coa_thioester/malonyl-coa__skeletal.svg,assets/molecules/vorhanden/coa_thioester/malonyl-coa__full_atoms.svg,structure,resolved,generated_structure,
Methionin,Methionine,methionin,,"InChI=1S/C7H13NO3S/c1-5(9)8-6(7(10)11)3-4-12-2/h6H,3-4H2,1-2H3,(H,8,9)(H,10,11)/t6-/m0/s1",assets/molecules/vorhanden/aminosaeuren/methionin__skeletal.svg,,structure,resolved,generated_structure,
methylierter Akzeptor,Methylated acceptor,methylierter-akzeptor,,,assets/molecules/nicht_vorhanden/methylierter-akzeptor__skeletal.svg,assets/molecules/nicht_vorhanden/methylierter-akzeptor__full_atoms.svg,placeholder,unresolved,generated_placeholder,placeholder_term
Mevalonat,Mevalonate,mevalonat,,"InChI=1S/C6H12O4/c1-6(10,2-3-7)4-5(8)9/h7,10H,2-4H2,1H3,(H,8,9)/p-1",assets/molecules/vorhanden/isoprenoide_sterole/mevalonat__skeletal.svg,assets/molecules/vorhanden/isoprenoide_sterole/mevalonat__full_atoms.svg,structure,resolved,generated_structure,
Mevalonat-5-Phosphat,Mevalonate-5-phosphate,mevalonat-5-phosphat,,"InChI=1S/C6H13O7P/c1-6(9,4-5(7)8)2-3-13-14(10,11)12/h9H,2-4H2,1H3,(H,7,8)(H2,10,11,12)/t6-/m1/s1",assets/molecules/vorhanden/isoprenoide_sterole/mevalonat-5-phosphat__skeletal.svg,assets/molecules/vorhanden/isoprenoide_sterole/mevalonat-5-phosphat__full_atoms.svg,structure,resolved,generated_structure,
Mevalonat-5-Pyrophosphat,Mevalonate-5-pyrophosphate,mevalonat-5-pyrophosphat,,,assets/molecules/nicht_vorhanden/mevalonat-5-pyrophosphat__skeletal.svg,assets/molecules/nicht_vorhanden/mevalonat-5-pyrophosphat__full_atoms.svg,placeholder,unresolved,generated_placeholder,resolver_not_found
N⁵-Methyl-THF,N⁵-Methyl-THF,n-methyl-thf,,"InChI=1S/C20H25N7O6/c1-27-12(9-23-16-15(27)18(31)26-20(21)25-16)8-22-11-4-2-10(3-5-11)17(30)24-13(19(32)33)6-7-14(28)29/h2-5,12-13,22H,6-9H2,1H3,(H,24,30)(H,28,29)(H,32,33)(H4,21,23,25,26,31)/t12?,13-/m0/s1",assets/molecules/vorhanden/redox_cofaktoren/n-methyl-thf__skeletal.svg,assets/molecules/vorhanden/redox_cofaktoren/n-methyl-thf__full_atoms.svg,structure,resolved,generated_structure,
NAD⁺,NAD⁺,nadplus,,"InChI=1S/C21H27N7O14P2/c22-17-12-19(25-7-24-17)28(8-26-12)21-16(32)14(30)11(41-21)6-39-44(36,37)42-43(34,35)38-5-10-13(29)15(31)20(40-10)27-3-1-2-9(4-27)18(23)33/h1-4,7-8,10-11,13-16,20-21,29-32H,5-6H2,(H5-,22,23,24,25,33,34,35,36,37)/t10-,11-,13-,14-,15-,16-,20-,21-/m1/s1",assets/molecules/vorhanden/redox_cofaktoren/nadplus__skeletal.svg,assets/molecules/vorhanden/redox_cofaktoren/nadplus__full_atoms.svg,structure,resolved,generated_structure,
NADH,NADH,nadh,,"InChI=1S/C21H29N7O14P2/c22-17-12-19(25-7-24-17)28(8-26-12)21-16(32)14(30)11(41-21)6-39-44(36,37)42-43(34,35)38-5-10-13(29)15(31)20(40-10)27-3-1-2-9(4-27)18(23)33/h1,3-4,7-8,10-11,13-16,20-21,29-32H,2,5-6H2,(H2,23,33)(H,34,35)(H,36,37)(H2,22,24,25)/t10-,11-,13-,14-,15-,16-,20-,21-/m1/s1",assets/molecules/vorhanden/redox_cofaktoren/nadh__skeletal.svg,assets/molecules/vorhanden/redox_cofaktoren/nadh__full_atoms.svg,structure,resolved,generated_structure,
NADP⁺,NADP⁺,nadpplus,,"InChI=1S/C21H28N7O17P3/c22-17-12-19(25-7-24-17)28(8-26-12)21-16(44-46(33,34)35)14(30)11(43-21)6-41-48(38,39)45-47(36,37)40-5-10-13(29)15(31)20(42-10)27-3-1-2-9(4-27)18(23)32/h1-4,7-8,10-11,13-16,20-21,29-31H,5-6H2,(H7-,22,23,24,25,32,33,34,35,36,37,38,39)/t10-,11-,13-,14-,15-,16-,20-,21-/m1/s1",assets/molecules/vorhanden/redox_cofaktoren/nadpplus__skeletal.svg,assets/molecules/vorhanden/redox_cofaktoren/nadpplus__full_atoms.svg,structure,resolved,generated_structure,
NADPH,NADPH,nadph,,"InChI=1S/C21H30N7O17P3/c22-17-12-19(25-7-24-17)28(8-26-12)21-16(44-46(33,34)35)14(30)11(43-21)6-41-48(38,39)45-47(36,37)40-5-10-13(29)15(31)20(42-10)27-3-1-2-9(4-27)18(23)32/h1,3-4,7-8,10-11,13-16,20-21,29-31H,2,5-6H2,(H2,23,32)(H,36,37)(H,38,39)(H2,22,24,25)(H2,33,34,35)/t10-,11-,13-,14-,15-,16-,20-,21-/m1/s1",assets/molecules/vorhanden/redox_cofaktoren/nadph__skeletal.svg,assets/molecules/vorhanden/redox_cofaktoren/nadph__full_atoms.svg,structure,resolved,generated_structure,
NH₃,NH₃,nh,,InChI=1S/H3N/h1H3,assets/molecules/vorhanden/kleine_molekuele_ionen/nh__skeletal.svg,assets/molecules/vorhanden/kleine_molekuele_ionen/nh__full_atoms.svg,structure,resolved,generated_structure,
NH₄⁺,NH₄⁺,nh-plus,,InChI=1S/H3N/h1H3/p+1,assets/molecules/vorhanden/kleine_molekuele_ionen/nh-plus__skeletal.svg,assets/molecules/vorhanden/kleine_molekuele_ionen/nh-plus__full_atoms.svg,structure,resolved,generated_structure,
O₂,O₂,o,,InChI=1S/O2/c1-2,assets/molecules/vorhanden/kleine_molekuele_ionen/o__skeletal.svg,assets/molecules/vorhanden/kleine_molekuele_ionen/o__full_atoms.svg,structure,resolved,generated_structure,
Ornithin,Ornithine,ornithin,,"InChI=1S/C5H12N2O2/c6-3-1-2-4(7)5(8)9/h4H,1-3,6-7H2,(H,8,9)/t4-/m0/s1",assets/molecules/vorhanden/harnstoffzyklus/ornithin__skeletal.svg,assets/molecules/vorhanden/harnstoffzyklus/ornithin__full_atoms.svg,structure,resolved,generated_structure,
Oxalacetat,Oxaloacetate,oxalacetat,,"InChI=1S/C4H4O5/c5-2(4(8)9)1-3(6)7/h1H2,(H,6,7)(H,8,9)",assets/molecules/vorhanden/citratzyklus/oxalacetat__skeletal.svg,assets/molecules/vorhanden/citratzyklus/oxalacetat__full_atoms.svg,structure,resolved,generated_structure,
Palmitat,Palmitate,palmitat,,"InChI=1S/C16H32O2/c1-2-3-4-5-6-7-8-9-10-11-12-13-14-15-16(17)18/h2-15H2,1H3,(H,17,18)",assets/molecules/vorhanden/lipide/palmitat__skeletal.svg,assets/molecules/vorhanden/lipide/palmitat__full_atoms.svg,structure,resolved,generated_structure,
Palmitoyl-ACP,Palmitoyl-ACP,palmitoyl-acp,,,assets/molecules/nicht_vorhanden/palmitoyl-acp__skeletal.svg,assets/molecules/nicht_vorhanden/palmitoyl-acp__full_atoms.svg,placeholder,unresolved,generated_placeholder,resolver_not_found
Phosphatidsäure,Phosphatidic acid,phosphatidsaeure,,"InChI=1S/C35H69O8P/c1-3-5-7-9-11-13-15-17-19-21-23-25-27-29-34(36)41-31-33(32-42-44(38,39)40)43-35(37)30-28-26-24-22-20-18-16-14-12-10-8-6-4-2/h33H,3-32H2,1-2H3,(H2,38,39,40)/t33-/m1/s1",assets/molecules/vorhanden/lipide/phosphatidsaeure__skeletal.svg,assets/molecules/vorhanden/lipide/phosphatidsaeure__full_atoms.svg,structure,resolved,generated_structure,
Phosphoenolpyruvat,Phosphoenolpyruvate,phosphoenolpyruvat,,"InChI=1S/C3H5O6P/c1-2(3(4)5)9-10(6,7)8/h1H2,(H,4,5)(H2,6,7,8)",assets/molecules/vorhanden/kohlenhydrate_zuckerphosphate/phosphoenolpyruvat__skeletal.svg,assets/molecules/vorhanden/kohlenhydrate_zuckerphosphate/phosphoenolpyruvat__full_atoms.svg,structure,resolved,generated_structure,
Pi,Pi,pi,,"InChI=1S/H3O4P/c1-5(2,3)4/h(H3,1,2,3,4)/p-3",assets/molecules/vorhanden/kleine_molekuele_ionen/pi__skeletal.svg,assets/molecules/vorhanden/kleine_molekuele_ionen/pi__full_atoms.svg,structure,resolved,generated_structure,
PPi,PPi,ppi,,"InChI=1S/H4O7P2/c1-8(2,3)7-9(4,5)6/h(H2,1,2,3)(H2,4,5,6)/p-4",assets/molecules/vorhanden/kleine_molekuele_ionen/ppi__skeletal.svg,assets/molecules/vorhanden/kleine_molekuele_ionen/ppi__full_atoms.svg,structure,resolved,generated_structure,
Propionyl-CoA,Propionyl-CoA,propionyl-coa,,"InChI=1S/C24H40N7O17P3S/c1-4-15(33)52-8-7-26-14(32)5-6-27-22(36)19(35)24(2,3)10-45-51(42,43)48-50(40,41)44-9-13-18(47-49(37,38)39)17(34)23(46-13)31-12-30-16-20(25)28-11-29-21(16)31/h11-13,17-19,23,34-35H,4-10H2,1-3H3,(H,26,32)(H,27,36)(H,40,41)(H,42,43)(H2,25,28,29)(H2,37,38,39)/t13-,17-,18-,19+,23-/m1/s1",assets/molecules/vorhanden/coa_thioester/propionyl-coa__skeletal.svg,assets/molecules/vorhanden/coa_thioester/propionyl-coa__full_atoms.svg,structure,resolved,generated_structure,
Pyruvat,Pyruvate,pyruvat,,"InChI=1S/C3H4O3/c1-2(4)3(5)6/h1H3,(H,5,6)/p-1",assets/molecules/vorhanden/kohlenhydrate_zuckerphosphate/pyruvat__skeletal.svg,assets/molecules/vorhanden/kohlenhydrate_zuckerphosphate/pyruvat__full_atoms.svg,structure,resolved,generated_structure,
Ribose-5-Phosphat,Ribose-5-phosphate,ribose-5-phosphat,,"InChI=1S/C5H11O8P/c6-1-3(7)5(9)4(8)2-13-14(10,11)12/h1,3-5,7-9H,2H2,(H2,10,11,12)/t3-,4+,5-/m0/s1",assets/molecules/vorhanden/kohlenhydrate_zuckerphosphate/ribose-5-phosphat__skeletal.svg,assets/molecules/vorhanden/kohlenhydrate_zuckerphosphate/ribose-5-phosphat__full_atoms.svg,structure,resolved,generated_structure,
Ribulose-5-Phosphat,Ribulose-5-phosphate,ribulose-5-phosphat,,"InChI=1S/C5H11O8P/c6-1-3(7)5(9)4(8)2-13-14(10,11)12/h4-6,8-9H,1-2H2,(H2,10,11,12)/t4-,5+/m1/s1",assets/molecules/vorhanden/kohlenhydrate_zuckerphosphate/ribulose-5-phosphat__skeletal.svg,assets/molecules/vorhanden/kohlenhydrate_zuckerphosphate/ribulose-5-phosphat__full_atoms.svg,structure,resolved,generated_structure,
S-Adenosylhomocystein,S-Adenosylhomocysteine,s-adenosylhomocystein,,"InChI=1S/C14H20N6O5S/c15-6(14(23)24)1-2-26-3-7-9(21)10(22)13(25-7)20-5-19-8-11(16)17-4-18-12(8)20/h4-7,9-10,13,21-22H,1-3,15H2,(H,23,24)(H2,16,17,18)/t6-,7+,9+,10+,13+/m0/s1",assets/molecules/vorhanden/aminosaeuren_metabolite/s-adenosylhomocystein__skeletal.svg,assets/molecules/vorhanden/aminosaeuren_metabolite/s-adenosylhomocystein__full_atoms.svg,structure,resolved,generated_structure,
S-Adenosylmethionin,S-Adenosylmethionine,s-adenosylmethionin,,"InChI=1S/C15H22N6O5S/c1-27(3-2-7(16)15(24)25)4-8-10(22)11(23)14(26-8)21-6-20-9-12(17)18-5-19-13(9)21/h5-8,10-11,14,22-23H,2-4,16H2,1H3,(H2-,17,18,19,24,25)/t7-,8+,10+,11+,14+,27?/m0/s1",assets/molecules/vorhanden/aminosaeuren_metabolite/s-adenosylmethionin__skeletal.svg,assets/molecules/vorhanden/aminosaeuren_metabolite/s-adenosylmethionin__full_atoms.svg,structure,resolved,generated_structure,
Sedoheptulose-7-Phosphat,Sedoheptulose-7-phosphate,sedoheptulose-7-phosphat,,"InChI=1S/C7H15O10P/c8-1-3(9)5(11)7(13)6(12)4(10)2-17-18(14,15)16/h4-8,10-13H,1-2H2,(H2,14,15,16)/t4-,5-,6-,7-/m1/s1",assets/molecules/vorhanden/kohlenhydrate_zuckerphosphate/sedoheptulose-7-phosphat__skeletal.svg,assets/molecules/vorhanden/kohlenhydrate_zuckerphosphate/sedoheptulose-7-phosphat__full_atoms.svg,structure,resolved,generated_structure,
Serin,Serine,serin,,"InChI=1S/C3H7NO3/c4-2(1-5)3(6)7/h2,5H,1,4H2,(H,6,7)",assets/molecules/vorhanden/aminosaeuren/serin__skeletal.svg,,structure,resolved,generated_structure,
Squalen,Squalene,squalen,,"InChI=1S/C30H50/c1-25(2)15-11-19-29(7)23-13-21-27(5)17-9-10-18-28(6)22-14-24-30(8)20-12-16-26(3)4/h15-18,23-24H,9-14,19-22H2,1-8H3/b27-17+,28-18+,29-23+,30-24+",assets/molecules/vorhanden/isoprenoide_sterole/squalen__skeletal.svg,assets/molecules/vorhanden/isoprenoide_sterole/squalen__full_atoms.svg,structure,resolved,generated_structure,
"Squalen-2,3-Epoxid","Squalene-2,3-epoxide",squalen-2-3-epoxid,,"InChI=1S/C30H50O/c1-24(2)14-11-17-27(5)20-12-18-25(3)15-9-10-16-26(4)19-13-21-28(6)22-23-29-30(7,8)31-29/h14-16,20-21,29H,9-13,17-19,22-23H2,1-8H3/b25-15+,26-16+,27-20+,28-21+",assets/molecules/vorhanden/isoprenoide_sterole/squalen-2-3-epoxid__skeletal.svg,assets/molecules/vorhanden/isoprenoide_sterole/squalen-2-3-epoxid__full_atoms.svg,structure,resolved,generated_structure,
Succinat,Succinate,succinat,,"InChI=1S/C4H6O4/c5-3(6)1-2-4(7)8/h1-2H2,(H,5,6)(H,7,8)/p-2",assets/molecules/vorhanden/citratzyklus/succinat__skeletal.svg,assets/molecules/vorhanden/citratzyklus/succinat__full_atoms.svg,structure,resolved,generated_structure,
Succinyl-CoA,Succinyl-CoA,succinyl-coa,,"InChI=1S/C25H40N7O19P3S/c1-25(2,20(38)23(39)28-6-5-14(33)27-7-8-55-16(36)4-3-15(34)35)10-48-54(45,46)51-53(43,44)47-9-13-19(50-52(40,41)42)18(37)24(49-13)32-12-31-17-21(26)29-11-30-22(17)32/h11-13,18-20,24,37-38H,3-10H2,1-2H3,(H,27,33)(H,28,39)(H,34,35)(H,43,44)(H,45,46)(H2,26,29,30)(H2,40,41,42)/t13-,18-,19-,20+,24-/m1/s1",assets/molecules/vorhanden/coa_thioester/succinyl-coa__skeletal.svg,assets/molecules/vorhanden/coa_thioester/succinyl-coa__full_atoms.svg,structure,resolved,generated_structure,
THF,THF,thf,,InChI=1S/C4H8O/c1-2-4-5-3-1/h1-4H2,assets/molecules/vorhanden/redox_cofaktoren/thf__skeletal.svg,assets/molecules/vorhanden/redox_cofaktoren/thf__full_atoms.svg,structure,resolved,generated_structure,
Triacylglycerin,Triacylglycerol,triacylglycerin,,"InChI=1S/C57H110O6/c1-4-7-10-13-16-19-22-25-28-31-34-37-40-43-46-49-55(58)61-52-54(63-57(60)51-48-45-42-39-36-33-30-27-24-21-18-15-12-9-6-3)53-62-56(59)50-47-44-41-38-35-32-29-26-23-20-17-14-11-8-5-2/h54H,4-53H2,1-3H3",assets/molecules/vorhanden/lipide/triacylglycerin__skeletal.svg,assets/molecules/vorhanden/lipide/triacylglycerin__full_atoms.svg,structure,resolved,generated_structure,
UDP-Galaktose,UDP-Galactose,udp-galaktose,,"InChI=1S/C15H24N2O17P2/c18-3-5-8(20)10(22)12(24)14(32-5)33-36(28,29)34-35(26,27)30-4-6-9(21)11(23)13(31-6)17-2-1-7(19)16-15(17)25/h1-2,5-6,8-14,18,20-24H,3-4H2,(H,26,27)(H,28,29)(H,16,19,25)/t5-,6-,8+,9-,10+,11-,12-,13-,14-/m1/s1",assets/molecules/vorhanden/nucleotide_nukleoside_udp_zucker/udp-galaktose__skeletal.svg,assets/molecules/vorhanden/nucleotide_nukleoside_udp_zucker/udp-galaktose__full_atoms.svg,structure,resolved,generated_structure,
UDP-Glucose,UDP-Glucose,udp-glucose,,"InChI=1S/C15H24N2O17P2/c18-3-5-8(20)10(22)12(24)14(32-5)33-36(28,29)34-35(26,27)30-4-6-9(21)11(23)13(31-6)17-2-1-7(19)16-15(17)25/h1-2,5-6,8-14,18,20-24H,3-4H2,(H,26,27)(H,28,29)(H,16,19,25)/t5-,6-,8-,9-,10+,11-,12-,13-,14-/m1/s1",assets/molecules/vorhanden/nucleotide_nukleoside_udp_zucker/udp-glucose__skeletal.svg,assets/molecules/vorhanden/nucleotide_nukleoside_udp_zucker/udp-glucose__full_atoms.svg,structure,resolved,generated_structure,
Xylulose-5-Phosphat,Xylulose-5-phosphate,xylulose-5-phosphat,,"InChI=1S/C5H11O8P/c6-1-3(7)5(9)4(8)2-13-14(10,11)12/h4-6,8-9H,1-2H2,(H2,10,11,12)",assets/molecules/vorhanden/kohlenhydrate_zuckerphosphate/xylulose-5-phosphat__skeletal.svg,assets/molecules/vorhanden/kohlenhydrate_zuckerphosphate/xylulose-5-phosphat__full_atoms.svg,structure,resolved,generated_structure,
α-Ketobutyrat,alpha-ketobutyrate,alpha-ketobutyrat,,"InChI=1S/C4H6O3/c1-2-3(5)4(6)7/h2H2,1H3,(H,6,7)",assets/molecules/vorhanden/aminosaeuren_metabolite/alpha-ketobutyrat__skeletal.svg,assets/molecules/vorhanden/aminosaeuren_metabolite/alpha-ketobutyrat__full_atoms.svg,structure,resolved,generated_structure,
α-Ketoglutarat,alpha-ketoglutarate,alpha-ketoglutarat,,"InChI=1S/C5H6O5/c6-3(5(9)10)1-2-4(7)8/h1-2H2,(H,7,8)(H,9,10)/p-2",assets/molecules/vorhanden/citratzyklus/alpha-ketoglutarat__skeletal.svg,assets/molecules/vorhanden/citratzyklus/alpha-ketoglutarat__full_atoms.svg,structure,resolved,generated_structure,
α-Ketosäure,alpha-keto acid,alpha-ketosaeure,,,assets/molecules/nicht_vorhanden/alpha-ketosaeure__skeletal.svg,assets/molecules/nicht_vorhanden/alpha-ketosaeure__full_atoms.svg,placeholder,unresolved,generated_placeholder,placeholder_term
β-Hydroxybutyrat,beta-hydroxybutyrate,beta-hydroxybutyrat,,"InChI=1S/C4H8O3/c1-3(5)2-4(6)7/h3,5H,2H2,1H3,(H,6,7)",assets/molecules/vorhanden/ketonkoerper/beta-hydroxybutyrat__skeletal.svg,assets/molecules/vorhanden/ketonkoerper/beta-hydroxybutyrat__full_atoms.svg,structure,resolved,generated_structure,
Glycin,Glycine,glycin,NCC(=O)O,"InChI=1S/C2H5NO2/c3-1-2(4)5/h1,3H2,(H,4,5)",assets/molecules/vorhanden/aminosaeuren/glycin__skeletal.svg,,structure,resolved,generated_structure,standard_amino_acid_rdkit
L-Alanin,L-Alanine,l-alanin,C[C@@H](N)C(=O)O,"InChI=1S/C3H7NO2/c1-2(4)3(5)6/h2H,4H2,1H3,(H,5,6)/t2-/m1/s1",assets/molecules/vorhanden/aminosaeuren/l-alanin__skeletal.svg,,structure,resolved,generated_structure,standard_amino_acid_rdkit
L-Valin,L-Valine,l-valin,CC(C)[C@@H](N)C(=O)O,"InChI=1S/C5H11NO2/c1-3(2)4(6)5(7)8/h3-4H,6H2,1-2H3,(H,7,8)/t4-/m1/s1",assets/molecules/vorhanden/aminosaeuren/l-valin__skeletal.svg,,structure,resolved,generated_structure,standard_amino_acid_rdkit
L-Leucin,L-Leucine,l-leucin,CC(C)C[C@@H](N)C(=O)O,"InChI=1S/C6H13NO2/c1-4(2)3-5(7)6(8)9/h4-5H,3,7H2,1-2H3,(H,8,9)/t5-/m1/s1",assets/molecules/vorhanden/aminosaeuren/l-leucin__skeletal.svg,,structure,resolved,generated_structure,standard_amino_acid_rdkit
L-Isoleucin,L-Isoleucine,l-isoleucin,CC[C@H](C)[C@@H](N)C(=O)O,"InChI=1S/C6H13NO2/c1-3-4(2)5(7)6(8)9/h4-5H,3,7H2,1-2H3,(H,8,9)/t4-,5+/m0/s1",assets/molecules/vorhanden/aminosaeuren/l-isoleucin__skeletal.svg,,structure,resolved,generated_structure,standard_amino_acid_rdkit
L-Prolin,L-Proline,l-prolin,O=C(O)[C@@H]1CCCN1,"InChI=1S/C5H9NO2/c7-5(8)4-2-1-3-6-4/h4,6H,1-3H2,(H,7,8)/t4-/m0/s1",assets/molecules/vorhanden/aminosaeuren/l-prolin__skeletal.svg,,structure,resolved,generated_structure,standard_amino_acid_rdkit
L-Threonin,L-Threonine,l-threonin,C[C@@H](O)[C@H](N)C(=O)O,"InChI=1S/C4H9NO3/c1-2(6)3(5)4(7)8/h2-3,6H,5H2,1H3,(H,7,8)/t2-,3+/m1/s1",assets/molecules/vorhanden/aminosaeuren/l-threonin__skeletal.svg,,structure,resolved,generated_structure,standard_amino_acid_rdkit
L-Asparagin,L-Asparagine,l-asparagin,NC(=O)C[C@@H](N)C(=O)O,"InChI=1S/C4H8N2O3/c5-2(4(8)9)1-3(6)7/h2H,1,5H2,(H2,6,7)(H,8,9)/t2-/m1/s1",assets/molecules/vorhanden/aminosaeuren/l-asparagin__skeletal.svg,,structure,resolved,generated_structure,standard_amino_acid_rdkit
L-Glutamin,L-Glutamine,l-glutamin,NC(=O)CC[C@@H](N)C(=O)O,"InChI=1S/C5H10N2O3/c6-3(5(9)10)1-2-4(7)8/h3H,1-2,6H2,(H2,7,8)(H,9,10)/t3-/m1/s1",assets/molecules/vorhanden/aminosaeuren/l-glutamin__skeletal.svg,,structure,resolved,generated_structure,standard_amino_acid_rdkit
L-Lysin,L-Lysine,l-lysin,NCCCC[C@@H](N)C(=O)O,"InChI=1S/C6H14N2O2/c7-4-2-1-3-5(8)6(9)10/h5H,1-4,7-8H2,(H,9,10)/t5-/m1/s1",assets/molecules/vorhanden/aminosaeuren/l-lysin__skeletal.svg,,structure,resolved,generated_structure,standard_amino_acid_rdkit
L-Histidin,L-Histidine,l-histidin,N[C@@H](Cc1cnc[nH]1)C(=O)O,"InChI=1S/C6H9N3O2/c7-5(6(10)11)1-4-2-8-3-9-4/h2-3,5H,1,7H2,(H,8,9)(H,10,11)/t5-/m0/s1",assets/molecules/vorhanden/aminosaeuren/l-histidin__skeletal.svg,,structure,resolved,generated_structure,standard_amino_acid_rdkit
L-Tryptophan,L-Tryptophan,l-tryptophan,N[C@@H](Cc1c[nH]c2ccccc12)C(=O)O,"InChI=1S/C11H12N2O2/c12-9(11(14)15)5-7-6-13-10-4-2-1-3-8(7)10/h1-4,6,9,13H,5,12H2,(H,14,15)/t9-/m0/s1",assets/molecules/vorhanden/aminosaeuren/l-tryptophan__skeletal.svg,,structure,resolved,generated_structure,standard_amino_acid_rdkit
